"ID","Label","Data Type","Mandatory","Decimals","Min Length","Max Length","Format Name","Content Length"
"ID","Label","DataType","Mandatory","Decimals","MinLength","MaxLength","FormatName","ContentLength"
"SiteSeq","Site sequence number","integer","","","","","","1"
"SiteName","Site name","text","","","","","","5"
"SiteCode","Site code","text","","","","","","1"
"SubjectSeq","Subject sequence number","integer","","","","","","1"
"SubjectId","Subject Id","text","","","","","","5"
"EventSeq","Event sequence number","text","","","","","","1"
"EventId","Event Id","text","","","","","","9"
"EventName","Event name","text","","","","","","18"
"EventDate","Event date","date","","","","","","10"
"ActivityId","Activity Id","text","","","","","","9"
"ActivityName","Activity name","text","","","","","","14"
"FormSeq","Form sequence number","text","","","","","","1"
"SubjectFormSeq","Subject form sequence number","integer","","","","","","1"
"OriginSubjectFormSeq","Origin Subject form sequence number","integer","","","","","","1"
"SourceSubjectFormSeq","Source Subject form sequence number","integer","","","","","","0"
"DesignVersion","Design version","text","","","","","","3"
"InitiatedBy","Initiated by","text","","","","","","23"
"InitiatedDate","Initiated date (UTC)","datetime","","","","","","16"
"LastEditedBy","Last edited by","text","","","","","","23"
"LastEditedDate","Last edited date (UTC)","datetime","","","","","","16"
"SUBJINIT","Subject initials","text","True","","3","3","","3"
"BRTHDAT","Date of birth","date","True","","1","","","10"
"BRTHYR","Year of birth","double","True","0","1","","","0"
"RFICDAT","Date of informed consent","date","True","","1","","","10"
"AGE1","Age in years (except Germany)","double","False","0","1","","","2"
"AGE2","Age in years (Germany)","double","True","0","1","","","0"
"AGE","Age in years","double","False","0","1","","","2"
"SEX","Gender","text","True","","1","","","6"
"SEXCD","Gender - Code","integer","True","","1","","SEX","1"
"CHILDPOT_RPORRES","Childbearing potential of the subject","text","True","","1","","","2"
"CHILDPOT_RPORRESCD","Childbearing potential of the subject - Code","integer","True","","1","","YESNO","1"
"MENOSTAT_RPORRES","Reason","text","True","","1","","","18"
"MENOSTAT_RPORRESCD","Reason - Code","integer","True","","1","","CHBREAS","1"
"RACE1","Race(Please check all that apply) 1","text","True","","1","","","5"
"RACE1CD","Race(Please check all that apply) 1 - Code","integer","True","","1","","RACE","1"
"RACE2","Race(Please check all that apply) 2","text","True","","1","","","0"
"RACE2CD","Race(Please check all that apply) 2 - Code","integer","True","","1","","RACE","0"
"RACE3","Race(Please check all that apply) 3","text","True","","1","","","5"
"RACE3CD","Race(Please check all that apply) 3 - Code","integer","True","","1","","RACE","1"
"RACE4","Race(Please check all that apply) 4","text","True","","1","","","0"
"RACE4CD","Race(Please check all that apply) 4 - Code","integer","True","","1","","RACE","0"
"RACE5","Race(Please check all that apply) 5","text","True","","1","","","0"
"RACE5CD","Race(Please check all that apply) 5 - Code","integer","True","","1","","RACE","0"
"RACE99","Race(Please check all that apply) 99","text","True","","1","","","0"
"RACE99CD","Race(Please check all that apply) 99 - Code","integer","True","","1","","RACE","0"
"ETHNIC","Ethnicity","text","True","","1","","","18"
"ETHNICCD","Ethnicity - Code","integer","True","","1","","ETHNIC","1"
"RACEOTH","Specify","text","True","","1","","","0"
"MHYN","Any medical / surgical history","text","True","","1","","","0"
"MHYNCD","Any medical / surgical history - Code","integer","True","","1","","YESNO","0"
"AEYN","Any adverse events","text","True","","1","","","0"
"AEYNCD","Any adverse events - Code","integer","True","","1","","YESNO","0"
"CMYN","Any concomitant medications","text","True","","1","","","0"
"CMYNCD","Any concomitant medications - Code","integer","True","","1","","YESNO","0"
"PREGRYN","Did the subject report any pregnancies?","text","True","","1","","","0"
"PREGRYNCD","Did the subject report any pregnancies? - Code","integer","True","","1","","YESNO","0"
"UNSASS1","Assessments performed in this visit 1","text","True","","1","","","0"
"UNSASS1CD","Assessments performed in this visit 1 - Code","integer","True","","1","","UNSASS","0"
"UNSASS2","Assessments performed in this visit 2","text","True","","1","","","0"
"UNSASS2CD","Assessments performed in this visit 2 - Code","integer","True","","1","","UNSASS","0"
"UNSASS3","Assessments performed in this visit 3","text","True","","1","","","0"
"UNSASS3CD","Assessments performed in this visit 3 - Code","integer","True","","1","","UNSASS","0"
"UNSASS4","Assessments performed in this visit 4","text","True","","1","","","0"
"UNSASS4CD","Assessments performed in this visit 4 - Code","integer","True","","1","","UNSASS","0"
"UNSASS5","Assessments performed in this visit 5","text","True","","1","","","0"
"UNSASS5CD","Assessments performed in this visit 5 - Code","integer","True","","1","","UNSASS","0"
"UNSASS6","Assessments performed in this visit 6","text","True","","1","","","0"
"UNSASS6CD","Assessments performed in this visit 6 - Code","integer","True","","1","","UNSASS","0"
"UNSASS7","Assessments performed in this visit 7","text","True","","1","","","0"
"UNSASS7CD","Assessments performed in this visit 7 - Code","integer","True","","1","","UNSASS","0"
"UNSASS8","Assessments performed in this visit 8","text","True","","1","","","0"
"UNSASS8CD","Assessments performed in this visit 8 - Code","integer","True","","1","","UNSASS","0"
"UNSASS9","Assessments performed in this visit 9","text","True","","1","","","0"
"UNSASS9CD","Assessments performed in this visit 9 - Code","integer","True","","1","","UNSASS","0"
"UNSASS10","Assessments performed in this visit 10","text","True","","1","","","0"
"UNSASS10CD","Assessments performed in this visit 10 - Code","integer","True","","1","","UNSASS","0"
"VSPERF","Were vital signs collected?","text","True","","1","","","0"
"VSPERFCD","Were vital signs collected? - Code","integer","True","","1","","YESNO","0"
"VSDAT","Date of measurements","date","True","","1","","","0"
"VSTIM","Time of measurements","time","True","","1","","","0"
"VSREASND","Reason not collected","text","True","","1","","","0"
"HEIGHT_VSORRES","Height (cm)","double","True","1","1","","","0"
"WEIGHT_VSORRES","Weight (kg)","double","True","1","1","","","0"
"BMI_VSORRES","BMI (kg/m2)","double","False","2","1","","","0"
"HR_VSORRES","HR (beats/min)","double","True","0","1","","","0"
"RESP_VSORRES","RR (breaths/min)","double","True","0","1","","","0"
"TEMP_VSORRES","Temp (C)","double","True","1","1","","","0"
"SYSBP_VSORRES","BP sys (mmHg)","double","True","0","1","","","0"
"DIABP_VSORRES","BP dia (mmHg)","double","True","0","1","","","0"
"PEPERF","Was the physical examination performed?","text","True","","1","","","0"
"PEPERFCD","Was the physical examination performed? - Code","integer","True","","1","","YESNO","0"
"PEDAT","Date of examination","date","True","","1","","","0"
"PEREASND","Reason not performed","text","True","","1","","","0"
"GEN_PETEST","General appearance","text","True","","1","","","0"
"GEN_PERES","General appearance result or finding","text","True","","1","","","0"
"GEN_PERESCD","General appearance result or finding - Code","integer","True","","1","","NABNCLSG","0"
"SKIN_PETEST","Skin","text","True","","1","","","0"
"SKIN_PERES","Skin result or finding","text","True","","1","","","0"
"SKIN_PERESCD","Skin result or finding - Code","integer","True","","1","","NABNCLSG","0"
"HEENT_PETEST","HEENT","text","True","","1","","","0"
"HEENT_PERES","HEENT result or finding","text","True","","1","","","0"
"HEENT_PERESCD","HEENT result or finding - Code","integer","True","","1","","NABNCLSG","0"
"LYM_PETEST","Lymph nodes","text","True","","1","","","0"
"LYM_PERES","Lymph nodes result or finding","text","True","","1","","","0"
"LYM_PERESCD","Lymph nodes result or finding - Code","integer","True","","1","","NABNCLSG","0"
"RE_PETEST","Respiratory system","text","True","","1","","","0"
"RE_PERES","Respiratory system result or finding","text","True","","1","","","0"
"RE_PERESCD","Respiratory system result or finding - Code","integer","True","","1","","NABNCLSG","0"
"CV_PETEST","Cardiovascular system","text","True","","1","","","0"
"CV_PERES","Cardiovascular system result or finding","text","True","","1","","","0"
"CV_PERESCD","Cardiovascular system result or finding - Code","integer","True","","1","","NABNCLSG","0"
"GI_PETEST","Gastrointestinal system","text","True","","1","","","0"
"GI_PERES","Gastrointestinal system result or finding","text","True","","1","","","0"
"GI_PERESCD","Gastrointestinal system result or finding - Code","integer","True","","1","","NABNCLSG","0"
"MK_PETEST","Musculoskeletal system","text","True","","1","","","0"
"MK_PERES","Musculoskeletal system result or finding","text","True","","1","","","0"
"MK_PERESCD","Musculoskeletal system result or finding - Code","integer","True","","1","","NABNCLSG","0"
"ED_PETEST","Endocrine system","text","True","","1","","","0"
"ED_PERES","Endocrine system result or finding","text","True","","1","","","0"
"ED_PERESCD","Endocrine system result or finding - Code","integer","True","","1","","NABNCLSG","0"
"NV_PETEST","Nervous system","text","True","","1","","","0"
"NV_PERES","Nervous system result or finding","text","True","","1","","","0"
"NV_PERESCD","Nervous system result or finding - Code","integer","True","","1","","NABNCLSG","0"
"URO_PETEST","Urogenital system","text","True","","1","","","0"
"URO_PERES","Urogenital system result or finding","text","True","","1","","","0"
"URO_PERESCD","Urogenital system result or finding - Code","integer","True","","1","","NABNCLSG","0"
"EGPERF","Was the ECG performed?","text","True","","1","","","2"
"EGPERFCD","Was the ECG performed? - Code","integer","True","","1","","YESNO","1"
"EGDAT","Date of ECG","date","True","","1","","","0"
"EGREASND","Reason not performed","text","True","","1","","","8"
"EGTIM","Time of ECG","time","True","","1","","","0"
"EGORRES","Overall result","text","True","","1","","","0"
"EGORRESCD","Overall result - Code","integer","True","","1","","NABNCLSG","0"
"ABTPERF","Was the alcohol breath test performed?","text","True","","1","","","0"
"ABTPERFCD","Was the alcohol breath test performed? - Code","integer","True","","1","","YESNO","0"
"ABTDAT","Date of test","date","True","","1","","","0"
"ABTORRES","Result","text","True","","1","","","0"
"ABTORRESCD","Result - Code","integer","True","","1","","NEGPOS","0"
"ABTREASND","Reason not performed","text","True","","1","","","0"
"DRUGSCR_LBPERF","Was the drug screen test performed?","text","True","","1","","","0"
"DRUGSCR_LBPERFCD","Was the drug screen test performed? - Code","integer","True","","1","","YESNO","0"
"DRUGSCR_LBDAT","Date of sample collection","date","True","","1","","","0"
"DRUGSCR_LBREASND","Reason not performed","text","True","","1","","","0"
"DRUGSCR_LBORRES","Positive to prohibited drugs?","text","True","","1","","","0"
"DRUGSCR_LBORRESCD","Positive to prohibited drugs? - Code","integer","True","","1","","YESNO","0"
"SMOKE_SUNCF","Smoking consumption status","text","True","","1","","","0"
"SMOKE_SUNCFCD","Smoking consumption status - Code","integer","True","","1","","NCF","0"
"SMOKE_SUDAT","Start date of smoking","date","True","","1","","","0"
"SMOKE_SUENDAT","End date of smoking","date","True","","1","","","0"
"SMOKE_SUDSTXT","Amount smoked in cigarette equivalents","text","True","","1","","","0"
"SMOKE_SUFRQ","Smoking frequency per interval","text","True","","1","","","0"
"SMOKE_SUFRQCD","Smoking frequency per interval - Code","integer","True","","1","","SUFREQ","0"
"ALCOHOL_SUNCF","Alcohol consumption status","text","True","","1","","","0"
"ALCOHOL_SUNCFCD","Alcohol consumption status - Code","integer","True","","1","","NCF","0"
"ALCOHOL_SUSTDAT","Start date of alcohol consumption","date","True","","1","","","0"
"ALCOHOL_SUENDAT","End date of alcohol consumption","date","True","","1","","","0"
"ALCOHOL_SUDSTXT","Number of standard units","double","True","1","1","","","0"
"ALCOHOL_SUFRQ","Alcohol frequency per interval","text","True","","1","","","0"
"ALCOHOL_SUFRQCD","Alcohol frequency per interval - Code","integer","True","","1","","SUFREQ","0"
"OTH_SUYN","Other substance used?","text","True","","1","","","0"
"OTH_SUYNCD","Other substance used? - Code","integer","True","","1","","YESNO","0"
"OTH_SUTRT","Specify","text","True","","1","","","0"
"UAPERF","Urinalysis test completion status","text","True","","1","","","3"
"UAPERFCD","Urinalysis test completion status - Code","integer","True","","1","","YESNO","1"
"UAREASND","Urinalysis reason not done","text","True","","1","","","0"
"LBUADAT","Urinalysis sample collected date","date","True","","1","","","10"
"LBUATIM","Urinalysis sample collected time","time","True","","1","","","5"
"HMPERF","Haematology sample collected?","text","True","","1","","","3"
"HMPERFCD","Haematology sample collected? - Code","integer","True","","1","","YESNO","1"
"HMREASND","Haematology reason not done","text","True","","1","","","0"
"LBHMDAT","Haematology sample collected date","date","True","","1","","","0"
"LBHMTIM","Haematology sample collected time","time","True","","1","","","0"
"CCPERF","Clinical chemistry sample","text","True","","1","","","3"
"CCPERFCD","Clinical chemistry sample - Code","integer","True","","1","","YESNO","1"
"CCREASND","Clin chemistry reason not done","text","True","","1","","","0"
"LBCCDAT","Clinical chemistry sample collected date","date","True","","1","","","0"
"LBCCTIM","Clinical chemistry sample collected time","time","True","","1","","","0"
"SER_LBPERF","Was the sample for serology collected?","text","True","","1","","","0"
"SER_LBPERFCD","Was the sample for serology collected? - Code","integer","True","","1","","YESNO","0"
"SER_LBREASND","Reason not collected","text","True","","1","","","0"
"SER_LBDAT","Date of sample collection","date","True","","1","","","0"
"SER_LBTIM","Time of sample collection","time","True","","1","","","0"
"HIVAB_LBTEST","HIV Antibodies","text","True","","1","","","0"
"HIVAB_LBORRES","HIV result","text","True","","1","","","0"
"HIVAB_LBORRESCD","HIV result - Code","integer","True","","1","","NEGPOS","0"
"HCVAB_LBTEST","HCV antibodies","text","True","","1","","","0"
"HCVAB_LBORRES","HCV antibodies result","text","True","","1","","","0"
"HCVAB_LBORRESCD","HCV antibodies result - Code","integer","True","","1","","NEGPOS","0"
"HDVAB_LBTEST","HDV Antibodies","text","True","","1","","","0"
"HDVAB_LBORRES","HDV antibodies Result","text","True","","1","","","0"
"HDVAB_LBORRESCD","HDV antibodies Result - Code","integer","True","","1","","NEGPOS","0"
"HBEAGS_LBTEST","HBeAg","text","True","","1","","","0"
"HBEAGS_LBORRES","HBeAg Result","text","True","","1","","","0"
"HBEAGS_LBORRESCD","HBeAg Result - Code","integer","True","","1","","NEGPOS","0"
"HBEABS_LBTEST","HBeAg Antibodies","text","True","","1","","","0"
"HBEABS_LBORRES","HBeAg Antibodies Result","text","True","","1","","","0"
"HBEABS_LBORRESCD","HBeAg Antibodies Result - Code","integer","True","","1","","NEGPOS","0"
"HBVDNAS_LBTEST","HBV DNA","text","True","","1","","","0"
"HBVDNAS_LBORRES","HBV DNA Result","text","True","","1","","","0"
"HBVDNAS_LBORRESCD","HBV DNA Result - Code","integer","True","","1","","NEGPOS","0"
"HCVRNA_LBTEST","HCV RNA","text","True","","1","","","0"
"HCVRNA_LBORRES","HCV RNA Result","text","True","","1","","","0"
"HCVRNA_LBORRESCD","HCV RNA Result - Code","integer","True","","1","","NEGPOS","0"
"UAREFID","Accession number","text","False","","1","","","0"
"UADAT","Date of sample collection","text","False","","1","","","0"
"UATIM","Time of sample collection","text","False","","1","","","0"
"TEST_PH","pH","text","True","","1","","","2"
"ORRES_PH","PH result","text","False","","1","","","2"
"ORNRLO_PH","PH lower limit_test","text","False","","1","","","1"
"ORNRHI_PH","PH upper limit","text","False","","1","","","2"
"NRIND_PH","Out of range - PH","text","False","","1","","","2"
"NRIND_PHCD","Out of range - PH - Code","integer","False","","1","","YESNO","1"
"CLSIG_PH","PH evaluation","text","True","","1","","","0"
"CLSIG_PHCD","PH evaluation - Code","integer","True","","1","","NCSCS","0"
"ORRES_PHSI","PH SI result","text","False","","1","","","0"
"ORNRLO_PHSI","PH SI lower limit","text","False","","1","","","0"
"ORNRHI_PHSI","PH SI upper limit","text","False","","1","","","0"
"COVAL_PH","PH comments","text","False","","1","","","0"
"TEST_SPGRAV","Specific Gravity","text","True","","1","","","16"
"ORRES_SPGRAV","SPGRAV result","text","False","","1","","","0"
"ORNRLO_SPGRAV","SPGRAV lower limit","text","False","","1","","","0"
"ORNRHI_SPGRAV","SPGRAV upper limit","text","False","","1","","","0"
"NRIND_SPGRAV","Out of range - SPGRAV","text","False","","1","","","0"
"NRIND_SPGRAVCD","Out of range - SPGRAV - Code","integer","False","","1","","YESNO","0"
"CLSIG_SPGRAV","SPGRAV evaluation","text","True","","1","","","0"
"CLSIG_SPGRAVCD","SPGRAV evaluation - Code","integer","True","","1","","NCSCS","0"
"ORRES_SPGRAVSI","SPGRAV SI result","text","False","","1","","","0"
"ORNRLO_SPGRAVSI","SPGRAV SI lower limit","text","False","","1","","","0"
"ORNRHI_SPGRAVSI","SPGRAV SI upper limit","text","False","","1","","","0"
"COVAL_SPGRAV","SPGRAV comments","text","False","","1","","","0"
"TEST_URBC","Erythrocytes","text","True","","1","","","12"
"ORRES_URBC","URBC result","text","False","","1","","","0"
"NRIND_URBC","Out of range - URBC","text","False","","1","","","0"
"NRIND_URBCCD","Out of range - URBC - Code","integer","False","","1","","YESNO","0"
"CLSIG_URBC","URBC evaluation","text","True","","1","","","0"
"CLSIG_URBCCD","URBC evaluation - Code","integer","True","","1","","NCSCS","0"
"ORRES_URBCSI","URBC SI result","text","False","","1","","","0"
"COVAL_URBC","URBC comments","text","False","","1","","","0"
"TEST_UWBC","Leukocytes","text","True","","1","","","10"
"ORRES_UWBC","UWBC result","text","False","","1","","","0"
"NRIND_UWBC","Out of range - UWBC","text","False","","1","","","0"
"NRIND_UWBCCD","Out of range - UWBC - Code","integer","False","","1","","YESNO","0"
"CLSIG_UWBC","UWBC evaluation","text","True","","1","","","0"
"CLSIG_UWBCCD","UWBC evaluation - Code","integer","True","","1","","NCSCS","0"
"ORRES_UWBCSI","UWBC SI result","text","False","","1","","","0"
"COVAL_UWBC","UWBC comments","text","False","","1","","","0"
"TEST_UGLUC","Glucose","text","True","","1","","","7"
"ORRES_UGLUC","UGLUC result","text","False","","1","","","0"
"NRIND_UGLUC","Out of range - UGLUC","text","False","","1","","","0"
"NRIND_UGLUCCD","Out of range - UGLUC - Code","integer","False","","1","","YESNO","0"
"CLSIG_UGLUC","UGLUC evaluation","text","True","","1","","","0"
"CLSIG_UGLUCCD","UGLUC evaluation - Code","integer","True","","1","","NCSCS","0"
"ORRES_UGLUCSI","UGLUC SI result","text","False","","1","","","0"
"COVAL_UGLUC","UGLUC comments","text","False","","1","","","0"
"TEST_UPROT","Protein","text","True","","1","","","7"
"ORRES_UPROT","UPROT result","text","False","","1","","","0"
"NRIND_UPROT","Out of range - UPROT","text","False","","1","","","0"
"NRIND_UPROTCD","Out of range - UPROT - Code","integer","False","","1","","YESNO","0"
"CLSIG_UPROT","UPROT evaluation","text","True","","1","","","0"
"CLSIG_UPROTCD","UPROT evaluation - Code","integer","True","","1","","NCSCS","0"
"ORRES_UPROTSI","UPROT SI result","text","False","","1","","","0"
"COVAL_UPROT","UPROT comments","text","False","","1","","","0"
"TEST_UBILI","Bilirubin","text","True","","1","","","9"
"ORRES_UBILI","UBILI result","text","False","","1","","","0"
"NRIND_UBILI","Out of range - UBILI","text","False","","1","","","0"
"NRIND_UBILICD","Out of range - UBILI - Code","integer","False","","1","","YESNO","0"
"CLSIG_UBILI","UBILI evaluation","text","True","","1","","","0"
"CLSIG_UBILICD","UBILI evaluation - Code","integer","True","","1","","NCSCS","0"
"ORRES_UBILISI","UBILI SI result","text","False","","1","","","0"
"COVAL_UBILI","UBILI comments","text","False","","1","","","0"
"TEST_UROBIL","Urobilinogen","text","True","","1","","","12"
"ORRES_UROBIL","UROBIL result","text","False","","1","","","0"
"NRIND_UROBIL","Out of range - UROBIL","text","False","","1","","","0"
"NRIND_UROBILCD","Out of range - UROBIL - Code","integer","False","","1","","YESNO","0"
"CLSIG_UROBIL","UROBIL evaluation","text","True","","1","","","0"
"CLSIG_UROBILCD","UROBIL evaluation - Code","integer","True","","1","","NCSCS","0"
"ORRES_UROBILSI","UROBIL SI result","text","False","","1","","","0"
"COVAL_UROBIL","UROBIL comments","text","False","","1","","","0"
"TEST_KETONES","Ketones","text","True","","1","","","7"
"ORRES_KETONES","KETONES result","text","False","","1","","","0"
"NRIND_KETONES","Out of range - KETONES","text","False","","1","","","0"
"NRIND_KETONESCD","Out of range - KETONES - Code","integer","False","","1","","YESNO","0"
"CLSIG_KETONES","KETONES evaluation","text","True","","1","","","0"
"CLSIG_KETONESCD","KETONES evaluation - Code","integer","True","","1","","NCSCS","0"
"ORRES_KETONESSI","KETONES SI result","text","False","","1","","","0"
"COVAL_KETONES","KETONES comments","text","False","","1","","","0"
"TEST_NITRITE","Nitrite","text","True","","1","","","7"
"ORRES_NITRITE","NITRITE result","text","False","","1","","","0"
"NRIND_NITRITE","Out of range - NITRITE","text","False","","1","","","0"
"NRIND_NITRITECD","Out of range - NITRITE - Code","integer","False","","1","","YESNO","0"
"CLSIG_NITRITE","NITRITE evaluation","text","True","","1","","","0"
"CLSIG_NITRITECD","NITRITE evaluation - Code","integer","True","","1","","NCSCS","0"
"ORRES_NITRITESI","NITRITE SI result","text","False","","1","","","0"
"COVAL_NITRITE","NITRITE comments","text","False","","1","","","0"
"HMREFID","Accession number","text","False","","1","","","0"
"HMDAT","Date of sample collection","text","False","","1","","","0"
"HMTIM","Time of sample collection","text","False","","1","","","0"
"TEST_RBC","Erythrocytes","text","True","","1","","","0"
"ORRES_RBC","RBC result","text","False","","1","","","0"
"ORRESU_RBC","RBC unit","text","False","","1","","","0"
"ORNRLO_RBC","RBC lower limit","text","False","","1","","","0"
"ORNRHI_RBC","RBC upper limit","text","False","","1","","","0"
"NRIND_RBC","Out of range - RBC","text","False","","1","","","0"
"NRIND_RBCCD","Out of range - RBC - Code","integer","False","","1","","YESNO","0"
"CLSIG_RBC","RBC evaluation","text","True","","1","","","0"
"CLSIG_RBCCD","RBC evaluation - Code","integer","True","","1","","NCSCS","0"
"ORRES_RBCSI","RBC SI result","text","False","","1","","","0"
"ORRESU_RBCSI","RBC SI unit","text","False","","1","","","0"
"ORNRLO_RBCSI","RBC SI lower limit","text","False","","1","","","0"
"ORNRHI_RBCSI","RBC SI upper limit","text","False","","1","","","0"
"COVAL_RBC","RBC comments","text","False","","1","","","0"
"TEST_HGB","Hemoglobin","text","True","","1","","","0"
"ORRES_HGB","HGB result","text","False","","1","","","0"
"ORRESU_HGB","HGB unit","text","False","","1","","","0"
"ORNRLO_HGB","HGB lower limit","text","False","","1","","","0"
"ORNRHI_HGB","HGB upper limit","text","False","","1","","","0"
"NRIND_HGB","Out of range - HGB","text","False","","1","","","0"
"NRIND_HGBCD","Out of range - HGB - Code","integer","False","","1","","YESNO","0"
"CLSIG_HGB","HGB evaluation","text","True","","1","","","0"
"CLSIG_HGBCD","HGB evaluation - Code","integer","True","","1","","NCSCS","0"
"ORRES_HGBSI","HGB SI result","text","False","","1","","","0"
"ORRESU_HGBSI","HGB SI unit","text","False","","1","","","0"
"ORNRLO_HGBSI","HGB SI lower limit","text","False","","1","","","0"
"ORNRHI_HGBSI","HGB SI upper limit","text","False","","1","","","0"
"COVAL_HGB","HGB comments","text","False","","1","","","0"
"TEST_HCT","Hematocrit","text","True","","1","","","0"
"ORRES_HCT","HCT result","text","False","","1","","","0"
"ORRESU_HCT","HCT unit","text","False","","1","","","0"
"ORNRLO_HCT","HCT lower limit","text","False","","1","","","0"
"ORNRHI_HCT","HCT upper limit","text","False","","1","","","0"
"NRIND_HCT","Out of range - HCT","text","False","","1","","","0"
"NRIND_HCTCD","Out of range - HCT - Code","integer","False","","1","","YESNO","0"
"CLSIG_HCT","HCT evaluation","text","True","","1","","","0"
"CLSIG_HCTCD","HCT evaluation - Code","integer","True","","1","","NCSCS","0"
"ORRES_HCTSI","HCT SI result","text","False","","1","","","0"
"ORRESU_HCTSI","HCT SI unit","text","False","","1","","","0"
"ORNRLO_HCTSI","HCT SI lower limit","text","False","","1","","","0"
"ORNRHI_HCTSI","HCT SI upper limit","text","False","","1","","","0"
"COVAL_HCT","HCT comments","text","False","","1","","","0"
"TEST_MCV","Ery. Mean Corpuscular Volume","text","True","","1","","","0"
"ORRES_MCV","MCV result","text","False","","1","","","0"
"ORRESU_MCV","MCV unit","text","False","","1","","","0"
"ORNRLO_MCV","MCV lower limit","text","False","","1","","","0"
"ORNRHI_MCV","MCV upper limit","text","False","","1","","","0"
"NRIND_MCV","Out of range - MCV","text","False","","1","","","0"
"NRIND_MCVCD","Out of range - MCV - Code","integer","False","","1","","YESNO","0"
"CLSIG_MCV","MCV evaluation","text","True","","1","","","0"
"CLSIG_MCVCD","MCV evaluation - Code","integer","True","","1","","NCSCS","0"
"ORRES_MCVSI","MCV SI result","text","False","","1","","","0"
"ORRESU_MCVSI","MCV SI unit","text","False","","1","","","0"
"ORNRLO_MCVSI","MCV SI lower limit","text","False","","1","","","0"
"ORNRHI_MCVSI","MCV SI upper limit","text","False","","1","","","0"
"COVAL_MCV","MCV comments","text","False","","1","","","0"
"TEST_MCH","Ery. Mean Corpuscular Hemoglobin","text","True","","1","","","0"
"ORRES_MCH","MCH result","text","False","","1","","","0"
"ORRESU_MCH","MCH unit","text","False","","1","","","0"
"ORNRLO_MCH","MCH lower limit","text","False","","1","","","0"
"ORNRHI_MCH","MCH upper limit","text","False","","1","","","0"
"NRIND_MCH","Out of range - MCH","text","False","","1","","","0"
"NRIND_MCHCD","Out of range - MCH - Code","integer","False","","1","","YESNO","0"
"CLSIG_MCH","MCH evaluation","text","True","","1","","","0"
"CLSIG_MCHCD","MCH evaluation - Code","integer","True","","1","","NCSCS","0"
"ORRES_MCHSI","MCH SI result","text","False","","1","","","0"
"ORRESU_MCHSI","MCH SI unit","text","False","","1","","","0"
"ORNRLO_MCHSI","MCH SI lower limit","text","False","","1","","","0"
"ORNRHI_MCHSI","MCH SI upper limit","text","False","","1","","","0"
"COVAL_MCH","MCH comments","text","False","","1","","","0"
"TEST_MCHC","Ery. Mean Corpuscular HGB Concentration","text","True","","1","","","0"
"ORRES_MCHC","MCHC result","text","False","","1","","","0"
"ORRESU_MCHC","MCHC unit","text","False","","1","","","0"
"ORNRLO_MCHC","MCHC lower limit","text","False","","1","","","0"
"ORNRHI_MCHC","MCHC upper limit","text","False","","1","","","0"
"NRIND_MCHC","Out of range - MCHC","text","False","","1","","","0"
"NRIND_MCHCCD","Out of range - MCHC - Code","integer","False","","1","","YESNO","0"
"CLSIG_MCHC","MCHC evaluation","text","True","","1","","","0"
"CLSIG_MCHCCD","MCHC evaluation - Code","integer","True","","1","","NCSCS","0"
"ORRES_MCHCSI","MCHC SI result","text","False","","1","","","0"
"ORRESU_MCHCSI","MCHC SI unit","text","False","","1","","","0"
"ORNRLO_MCHCSI","MCHC SI lower limit","text","False","","1","","","0"
"ORNRHI_MCHCSI","MCHC SI upper limit","text","False","","1","","","0"
"COVAL_MCHC","MCHC comments","text","False","","1","","","0"
"TEST_WBC","Leukocytes","text","True","","1","","","0"
"ORRES_WBC","WBC result","text","False","","1","","","0"
"ORRESU_WBC","WBC unit","text","False","","1","","","0"
"ORNRLO_WBC","WBC lower limit","text","False","","1","","","0"
"ORNRHI_WBC","WBC upper limit","text","False","","1","","","0"
"NRIND_WBC","Out of range - WBC","text","False","","1","","","0"
"NRIND_WBCCD","Out of range - WBC - Code","integer","False","","1","","YESNO","0"
"CLSIG_WBC","WBC evaluation","text","True","","1","","","0"
"CLSIG_WBCCD","WBC evaluation - Code","integer","True","","1","","NCSCS","0"
"ORRES_WBCSI","WBC SI result","text","False","","1","","","0"
"ORRESU_WBCSI","WBC SI unit","text","False","","1","","","0"
"ORNRLO_WBCSI","WBC SI lower limit","text","False","","1","","","0"
"ORNRHI_WBCSI","WBC SI upper limit","text","False","","1","","","0"
"COVAL_WBC","WBC comments","text","False","","1","","","0"
"TEST_NEUT","Neutrophils","text","True","","1","","","0"
"ORRES_NEUT","NEUT result","text","False","","1","","","0"
"ORRESU_NEUT","NEUT unit","text","False","","1","","","0"
"ORNRLO_NEUT","NEUT lower limit","text","False","","1","","","0"
"ORNRHI_NEUT","NEUT upper limit","text","False","","1","","","0"
"NRIND_NEUT","Out of range - NEUT","text","False","","1","","","0"
"NRIND_NEUTCD","Out of range - NEUT - Code","integer","False","","1","","YESNO","0"
"CLSIG_NEUT","NEUT evaluation","text","True","","1","","","0"
"CLSIG_NEUTCD","NEUT evaluation - Code","integer","True","","1","","NCSCS","0"
"ORRES_NEUTSI","NEUT SI result","text","False","","1","","","0"
"ORRESU_NEUTSI","NEUT SI unit","text","False","","1","","","0"
"ORNRLO_NEUTSI","NEUT SI lower limit","text","False","","1","","","0"
"ORNRHI_NEUTSI","NEUT SI upper limit","text","False","","1","","","0"
"COVAL_NEUT","NEUT comments","text","False","","1","","","0"
"TEST_EOS","Eosinophils","text","True","","1","","","0"
"ORRES_EOS","EOS result","text","False","","1","","","0"
"ORRESU_EOS","EOS unit","text","False","","1","","","0"
"ORNRLO_EOS","EOS lower limit","text","False","","1","","","0"
"ORNRHI_EOS","EOS upper limit","text","False","","1","","","0"
"NRIND_EOS","Out of range - EOS","text","False","","1","","","0"
"NRIND_EOSCD","Out of range - EOS - Code","integer","False","","1","","YESNO","0"
"CLSIG_EOS","EOS evaluation","text","True","","1","","","0"
"CLSIG_EOSCD","EOS evaluation - Code","integer","True","","1","","NCSCS","0"
"ORRES_EOSSI","EOS SI result","text","False","","1","","","0"
"ORRESU_EOSSI","EOS SI unit","text","False","","1","","","0"
"ORNRLO_EOSSI","EOS SI lower limit","text","False","","1","","","0"
"ORNRHI_EOSSI","EOS SI upper limit","text","False","","1","","","0"
"COVAL_EOS","EOS comments","text","False","","1","","","0"
"TEST_BASO","Basophils","text","True","","1","","","0"
"ORRES_BASO","BASO result","text","False","","1","","","0"
"ORRESU_BASO","BASO unit","text","False","","1","","","0"
"ORNRLO_BASO","BASO lower limit","text","False","","1","","","0"
"ORNRHI_BASO","BASO upper limit","text","False","","1","","","0"
"NRIND_BASO","Out of range - BASO","text","False","","1","","","0"
"NRIND_BASOCD","Out of range - BASO - Code","integer","False","","1","","YESNO","0"
"CLSIG_BASO","BASO evaluation","text","True","","1","","","0"
"CLSIG_BASOCD","BASO evaluation - Code","integer","True","","1","","NCSCS","0"
"ORRES_BASOSI","BASO SI result","text","False","","1","","","0"
"ORRESU_BASOSI","BASO SI unit","text","False","","1","","","0"
"ORNRLO_BASOSI","BASO SI lower limit","text","False","","1","","","0"
"ORNRHI_BASOSI","BASO SI upper limit","text","False","","1","","","0"
"COVAL_BASO","BASO comments","text","False","","1","","","0"
"TEST_LYM","Lymphocytes","text","True","","1","","","0"
"ORRES_LYM","LYM result","text","False","","1","","","0"
"ORRESU_LYM","LYM unit","text","False","","1","","","0"
"ORNRLO_LYM","LYM lower limit","text","False","","1","","","0"
"ORNRHI_LYM","LYM upper limit","text","False","","1","","","0"
"NRIND_LYM","Out of range - LYM","text","False","","1","","","0"
"NRIND_LYMCD","Out of range - LYM - Code","integer","False","","1","","YESNO","0"
"CLSIG_LYM","LYM evaluation","text","True","","1","","","0"
"CLSIG_LYMCD","LYM evaluation - Code","integer","True","","1","","NCSCS","0"
"ORRES_LYMSI","LYM SI result","text","False","","1","","","0"
"ORRESU_LYMSI","LYM SI unit","text","False","","1","","","0"
"ORNRLO_LYMSI","LYM SI lower limit","text","False","","1","","","0"
"ORNRHI_LYMSI","LYM SI upper limit","text","False","","1","","","0"
"COVAL_LYM","LYM comments","text","False","","1","","","0"
"TEST_MONO","Monocytes","text","True","","1","","","0"
"ORRES_MONO","MONO result","text","False","","1","","","0"
"ORRESU_MONO","MONO unit","text","False","","1","","","0"
"ORNRLO_MONO","MONO lower limit","text","False","","1","","","0"
"ORNRHI_MONO","MONO upper limit","text","False","","1","","","0"
"NRIND_MONO","Out of range - MONO","text","False","","1","","","0"
"NRIND_MONOCD","Out of range - MONO - Code","integer","False","","1","","YESNO","0"
"CLSIG_MONO","MONO evaluation","text","True","","1","","","0"
"CLSIG_MONOCD","MONO evaluation - Code","integer","True","","1","","NCSCS","0"
"ORRES_MONOSI","MONO SI result","text","False","","1","","","0"
"ORRESU_MONOSI","MONO SI unit","text","False","","1","","","0"
"ORNRLO_MONOSI","MONO SI lower limit","text","False","","1","","","0"
"ORNRHI_MONOSI","MONO SI upper limit","text","False","","1","","","0"
"COVAL_MONO","MONO comments","text","False","","1","","","0"
"TEST_NEUTLE","Neutrophils/Leukocytes","text","True","","1","","","0"
"ORRES_NEUTLE","NEUTLE result","text","False","","1","","","0"
"ORRESU_NEUTLE","NEUTLE unit","text","False","","1","","","0"
"ORNRLO_NEUTLE","NEUTLE lower limit","text","False","","1","","","0"
"ORNRHI_NEUTLE","NEUTLE upper limit","text","False","","1","","","0"
"NRIND_NEUTLE","Out of range - NEUTLE","text","False","","1","","","0"
"NRIND_NEUTLECD","Out of range - NEUTLE - Code","integer","False","","1","","YESNO","0"
"CLSIG_NEUTLE","NEUTLE evaluation","text","True","","1","","","0"
"CLSIG_NEUTLECD","NEUTLE evaluation - Code","integer","True","","1","","NCSCS","0"
"ORRES_NEUTLESI","NEUTLE SI result","text","False","","1","","","0"
"ORRESU_NEUTLESI","NEUTLE SI unit","text","False","","1","","","0"
"ORNRLO_NEUTLESI","NEUTLE SI lower limit","text","False","","1","","","0"
"ORNRHI_NEUTLESI","NEUTLE SI upper limit","text","False","","1","","","0"
"COVAL_NEUTLE","NEUTLE comments","text","False","","1","","","0"
"TEST_EOSLE","Eosinophils/Leukocytes","text","True","","1","","","0"
"ORRES_EOSLE","EOSLE result","text","False","","1","","","0"
"ORRESU_EOSLE","EOSLE unit","text","False","","1","","","0"
"ORNRLO_EOSLE","EOSLE lower limit","text","False","","1","","","0"
"ORNRHI_EOSLE","EOSLE upper limit","text","False","","1","","","0"
"NRIND_EOSLE","Out of range - EOSLE","text","False","","1","","","0"
"NRIND_EOSLECD","Out of range - EOSLE - Code","integer","False","","1","","YESNO","0"
"CLSIG_EOSLE","EOSLE evaluation","text","True","","1","","","0"
"CLSIG_EOSLECD","EOSLE evaluation - Code","integer","True","","1","","NCSCS","0"
"ORRES_EOSLESI","EOSLE SI result","text","False","","1","","","0"
"ORRESU_EOSLESI","EOSLE SI unit","text","False","","1","","","0"
"ORNRLO_EOSLESI","EOSLE SI lower limit","text","False","","1","","","0"
"ORNRHI_EOSLESI","EOSLE SI upper limit","text","False","","1","","","0"
"COVAL_EOSLE","EOSLE comments","text","False","","1","","","0"
"TEST_BASOLE","Basophils/Leukocytes","text","True","","1","","","0"
"ORRES_BASOLE","BASOLE result","text","False","","1","","","0"
"ORRESU_BASOLE","BASOLE unit","text","False","","1","","","0"
"ORNRLO_BASOLE","BASOLE lower limit","text","False","","1","","","0"
"ORNRHI_BASOLE","BASOLE upper limit","text","False","","1","","","0"
"NRIND_BASOLE","Out of range - BASOLE","text","False","","1","","","0"
"NRIND_BASOLECD","Out of range - BASOLE - Code","integer","False","","1","","YESNO","0"
"CLSIG_BASOLE","BASOLE evaluation","text","True","","1","","","0"
"CLSIG_BASOLECD","BASOLE evaluation - Code","integer","True","","1","","NCSCS","0"
"ORRES_BASOLESI","BASOLE SI result","text","False","","1","","","0"
"ORRESU_BASOLESI","BASOLE SI unit","text","False","","1","","","0"
"ORNRLO_BASOLESI","BASOLE SI lower limit","text","False","","1","","","0"
"ORNRHI_BASOLESI","BASOLE SI upper limit","text","False","","1","","","0"
"COVAL_BASOLE","BASOLE comments","text","False","","1","","","0"
"TEST_LYMLE","Lymphocytes/Leukocytes","text","True","","1","","","0"
"ORRES_LYMLE","LYMLE result","text","False","","1","","","0"
"ORRESU_LYMLE","LYMLE unit","text","False","","1","","","0"
"ORNRLO_LYMLE","LYMLE lower limit","text","False","","1","","","0"
"ORNRHI_LYMLE","LYMLE upper limit","text","False","","1","","","0"
"NRIND_LYMLE","Out of range - LYMLE","text","False","","1","","","0"
"NRIND_LYMLECD","Out of range - LYMLE - Code","integer","False","","1","","YESNO","0"
"CLSIG_LYMLE","LYMLE evaluation","text","True","","1","","","0"
"CLSIG_LYMLECD","LYMLE evaluation - Code","integer","True","","1","","NCSCS","0"
"ORRES_LYMLESI","LYMLE SI result","text","False","","1","","","0"
"ORRESU_LYMLESI","LYMLE SI unit","text","False","","1","","","0"
"ORNRLO_LYMLESI","LYMLE SI lower limit","text","False","","1","","","0"
"ORNRHI_LYMLESI","LYMLE SI upper limit","text","False","","1","","","0"
"COVAL_LYMLE","LYMLE comments","text","False","","1","","","0"
"TEST_MONOLE","Monocytes/Leukocytes","text","True","","1","","","0"
"ORRES_MONOLE","MONOLE result","text","False","","1","","","0"
"ORRESU_MONOLE","MONOLE unit","text","False","","1","","","0"
"ORNRLO_MONOLE","MONOLE lower limit","text","False","","1","","","0"
"ORNRHI_MONOLE","MONOLE upper limit","text","False","","1","","","0"
"NRIND_MONOLE","Out of range - MONOLE","text","False","","1","","","0"
"NRIND_MONOLECD","Out of range - MONOLE - Code","integer","False","","1","","YESNO","0"
"CLSIG_MONOLE","MONOLE evaluation","text","True","","1","","","0"
"CLSIG_MONOLECD","MONOLE evaluation - Code","integer","True","","1","","NCSCS","0"
"ORRES_MONOLESI","MONOLE SI result","text","False","","1","","","0"
"ORRESU_MONOLESI","MONOLE SI unit","text","False","","1","","","0"
"ORNRLO_MONOLESI","MONOLE SI lower limit","text","False","","1","","","0"
"ORNRHI_MONOLESI","MONOLE SI upper limit","text","False","","1","","","0"
"COVAL_MONOLE","MONOLE comments","text","False","","1","","","0"
"TEST_PLAT","Platelets","text","True","","1","","","0"
"ORRES_PLAT","PLAT result","text","False","","1","","","0"
"ORRESU_PLAT","PLAT unit","text","False","","1","","","0"
"ORNRLO_PLAT","PLAT lower limit","text","False","","1","","","0"
"ORNRHI_PLAT","PLAT upper limit","text","False","","1","","","0"
"NRIND_PLAT","Out of range - PLAT","text","False","","1","","","0"
"NRIND_PLATCD","Out of range - PLAT - Code","integer","False","","1","","YESNO","0"
"CLSIG_PLAT","PLAT evaluation","text","True","","1","","","0"
"CLSIG_PLATCD","PLAT evaluation - Code","integer","True","","1","","NCSCS","0"
"ORRES_PLATSI","PLAT SI result","text","False","","1","","","0"
"ORRESU_PLATSI","PLAT SI unit","text","False","","1","","","0"
"ORNRLO_PLATSI","PLAT SI lower limit","text","False","","1","","","0"
"ORNRHI_PLATSI","PLAT SI upper limit","text","False","","1","","","0"
"COVAL_PLAT","PLAT comments","text","False","","1","","","0"
"TEST_PT","Prothrombin Time","text","True","","1","","","0"
"ORRES_PT","PT result","text","False","","1","","","0"
"ORRESU_PT","PT unit","text","False","","1","","","0"
"ORNRLO_PT","PT lower limit","text","False","","1","","","0"
"ORNRHI_PT","PT upper limit","text","False","","1","","","0"
"NRIND_PT","Out of range - PT","text","False","","1","","","0"
"NRIND_PTCD","Out of range - PT - Code","integer","False","","1","","YESNO","0"
"CLSIG_PT","PT evaluation","text","True","","1","","","0"
"CLSIG_PTCD","PT evaluation - Code","integer","True","","1","","NCSCS","0"
"ORRES_PTSI","PT SI result","text","False","","1","","","0"
"ORRESU_PTSI","PT SI unit","text","False","","1","","","0"
"ORNRLO_PTSI","PT SI lower limit","text","False","","1","","","0"
"ORNRHI_PTSI","PT SI upper limit","text","False","","1","","","0"
"COVAL_PT","PT comments","text","False","","1","","","0"
"TEST_INR","Prothrombin Intl. Normalized Ratio","text","True","","1","","","0"
"ORRES_INR","INR result","text","False","","1","","","0"
"ORRESU_INR","INR unit","text","False","","1","","","0"
"ORNRLO_INR","INR lower limit","text","False","","1","","","0"
"ORNRHI_INR","INR upper limit","text","False","","1","","","0"
"NRIND_INR","Out of range - INR","text","False","","1","","","0"
"NRIND_INRCD","Out of range - INR - Code","integer","False","","1","","YESNO","0"
"CLSIG_INR","INR evaluation","text","True","","1","","","0"
"CLSIG_INRCD","INR evaluation - Code","integer","True","","1","","NCSCS","0"
"ORRES_INRSI","INR SI result","text","False","","1","","","0"
"ORRESU_INRSI","INR SI unit","text","False","","1","","","0"
"ORNRLO_INRSI","INR SI lower limit","text","False","","1","","","0"
"ORNRHI_INRSI","INR SI upper limit","text","False","","1","","","0"
"COVAL_INR","INR comments","text","False","","1","","","0"
"TEST_APTT","Activated Partial Thromboplastin Time","text","True","","1","","","0"
"ORRES_APTT","APTT result","text","False","","1","","","0"
"ORRESU_APTT","APTT unit","text","False","","1","","","0"
"ORNRLO_APTT","APTT lower limit","text","False","","1","","","0"
"ORNRHI_APTT","APTT upper limit","text","False","","1","","","0"
"NRIND_APTT","Out of range - APTT","text","False","","1","","","0"
"NRIND_APTTCD","Out of range - APTT - Code","integer","False","","1","","YESNO","0"
"CLSIG_APTT","APTT evaluation","text","True","","1","","","0"
"CLSIG_APTTCD","APTT evaluation - Code","integer","True","","1","","NCSCS","0"
"ORRES_APTTSI","APTT SI result","text","False","","1","","","0"
"ORRESU_APTTSI","APTT SI unit","text","False","","1","","","0"
"ORNRLO_APTTSI","APTT SI lower limit","text","False","","1","","","0"
"ORNRHI_APTTSI","APTT SI upper limit","text","False","","1","","","0"
"COVAL_APTT","APTT comments","text","False","","1","","","0"
"TEST_CRP","C Reactive Protein","text","True","","1","","","0"
"ORRES_CRP","CRP result","text","False","","1","","","0"
"ORRESU_CRP","CRP unit","text","False","","1","","","0"
"ORNRLO_CRP","CRP lower limit","text","False","","1","","","0"
"ORNRHI_CRP","CRP upper limit","text","False","","1","","","0"
"NRIND_CRP","Out of range - CRP","text","False","","1","","","0"
"NRIND_CRPCD","Out of range - CRP - Code","integer","False","","1","","YESNO","0"
"CLSIG_CRP","CRP evaluation","text","True","","1","","","0"
"CLSIG_CRPCD","CRP evaluation - Code","integer","True","","1","","NCSCS","0"
"ORRES_CRPSI","CRP SI result","text","False","","1","","","0"
"ORRESU_CRPSI","CRP SI unit","text","False","","1","","","0"
"ORNRLO_CRPSI","CRP SI lower limit","text","False","","1","","","0"
"ORNRHI_CRPSI","CRP SI upper limit","text","False","","1","","","0"
"COVAL_CRP","CRP comments","text","False","","1","","","0"
"CCREFID","Accession number","text","False","","1","","","0"
"CCDAT","Date of sample collection","text","False","","1","","","0"
"CCTIM","Time of sample collection","text","False","","1","","","0"
"TEST_BILI","Bilirubin","text","True","","1","","","0"
"ORRES_BILI","BILI result","text","False","","1","","","0"
"ORRESU_BILI","BILI unit","text","False","","1","","","0"
"ORNRLO_BILI","BILI lower limit","text","False","","1","","","0"
"ORNRHI_BILI","BILI upper limit","text","False","","1","","","0"
"NRIND_BILI","Out of range - BILI","text","False","","1","","","0"
"NRIND_BILICD","Out of range - BILI - Code","integer","False","","1","","YESNO","0"
"CLSIG_BILI","BILI evaluation","text","True","","1","","","0"
"CLSIG_BILICD","BILI evaluation - Code","integer","True","","1","","NCSCS","0"
"ORRES_BILISI","BILI SI result","text","False","","1","","","0"
"ORRESU_BILISI","BILI SI unit","text","False","","1","","","0"
"ORNRLO_BILISI","BILI SI lower limit","text","False","","1","","","0"
"ORNRHI_BILISI","BILI SI upper limit","text","False","","1","","","0"
"COVAL_BILI","BILI comments","text","False","","1","","","0"
"TEST_ALB","Albumin","text","True","","1","","","0"
"ORRES_ALB","ALB result","text","False","","1","","","0"
"ORRESU_ALB","ALB unit","text","False","","1","","","0"
"ORNRLO_ALB","ALB lower limit","text","False","","1","","","0"
"ORNRHI_ALB","ALB upper limit","text","False","","1","","","0"
"NRIND_ALB","Out of range - ALB","text","False","","1","","","0"
"NRIND_ALBCD","Out of range - ALB - Code","integer","False","","1","","YESNO","0"
"CLSIG_ALB","ALB evaluation","text","True","","1","","","0"
"CLSIG_ALBCD","ALB evaluation - Code","integer","True","","1","","NCSCS","0"
"ORRES_ALBSI","ALB SI result","text","False","","1","","","0"
"ORRESU_ALBSI","ALB SI unit","text","False","","1","","","0"
"ORNRLO_ALBSI","ALB SI lower limit","text","False","","1","","","0"
"ORNRHI_ALBSI","ALB SI upper limit","text","False","","1","","","0"
"COVAL_ALB","ALB comments","text","False","","1","","","0"
"TEST_ALP","Alkaline Phosphatase","text","True","","1","","","0"
"ORRES_ALP","ALP result","text","False","","1","","","0"
"ORRESU_ALP","ALP unit","text","False","","1","","","0"
"ORNRLO_ALP","ALP lower limit","text","False","","1","","","0"
"ORNRHI_ALP","ALP upper limit","text","False","","1","","","0"
"NRIND_ALP","Out of range - ALP","text","False","","1","","","0"
"NRIND_ALPCD","Out of range - ALP - Code","integer","False","","1","","YESNO","0"
"CLSIG_ALP","ALP evaluation","text","True","","1","","","0"
"CLSIG_ALPCD","ALP evaluation - Code","integer","True","","1","","NCSCS","0"
"ORRES_ALPSI","ALP SI result","text","False","","1","","","0"
"ORRESU_ALPSI","ALP SI unit","text","False","","1","","","0"
"ORNRLO_ALPSI","ALP SI lower limit","text","False","","1","","","0"
"ORNRHI_ALPSI","ALP SI upper limit","text","False","","1","","","0"
"COVAL_ALP","ALP comments","text","False","","1","","","0"
"TEST_ALT","Alanine Aminotransferase","text","True","","1","","","0"
"ORRES_ALT","ALT result","text","False","","1","","","0"
"ORRESU_ALT","ALT unit","text","False","","1","","","0"
"ORNRLO_ALT","ALT lower limit","text","False","","1","","","0"
"ORNRHI_ALT","ALT upper limit","text","False","","1","","","0"
"NRIND_ALT","Out of range - ALT","text","False","","1","","","0"
"NRIND_ALTCD","Out of range - ALT - Code","integer","False","","1","","YESNO","0"
"CLSIG_ALT","ALT evaluation","text","True","","1","","","0"
"CLSIG_ALTCD","ALT evaluation - Code","integer","True","","1","","NCSCS","0"
"ORRES_ALTSI","ALT SI result","text","False","","1","","","0"
"ORRESU_ALTSI","ALT SI unit","text","False","","1","","","0"
"ORNRLO_ALTSI","ALT SI lower limit","text","False","","1","","","0"
"ORNRHI_ALTSI","ALT SI upper limit","text","False","","1","","","0"
"COVAL_ALT","ALT comments","text","False","","1","","","0"
"TEST_AST","Aspartate Aminotransferase","text","True","","1","","","0"
"ORRES_AST","AST result","text","False","","1","","","0"
"ORRESU_AST","AST unit","text","False","","1","","","0"
"ORNRLO_AST","AST lower limit","text","False","","1","","","0"
"ORNRHI_AST","AST upper limit","text","False","","1","","","0"
"NRIND_AST","Out of range - AST","text","False","","1","","","0"
"NRIND_ASTCD","Out of range - AST - Code","integer","False","","1","","YESNO","0"
"CLSIG_AST","AST evaluation","text","True","","1","","","0"
"CLSIG_ASTCD","AST evaluation - Code","integer","True","","1","","NCSCS","0"
"ORRES_ASTSI","AST SI result","text","False","","1","","","0"
"ORRESU_ASTSI","AST SI unit","text","False","","1","","","0"
"ORNRLO_ASTSI","AST SI lower limit","text","False","","1","","","0"
"ORNRHI_ASTSI","AST SI upper limit","text","False","","1","","","0"
"COVAL_AST","AST comments","text","False","","1","","","0"
"TEST_CREAT","Creatinine","text","True","","1","","","0"
"ORRES_CREAT","CREAT result","text","False","","1","","","0"
"ORRESU_CREAT","CREAT unit","text","False","","1","","","0"
"ORNRLO_CREAT","CREAT lower limit","text","False","","1","","","0"
"ORNRHI_CREAT","CREAT upper limit","text","False","","1","","","0"
"NRIND_CREAT","Out of range - CREAT","text","False","","1","","","0"
"NRIND_CREATCD","Out of range - CREAT - Code","integer","False","","1","","YESNO","0"
"CLSIG_CREAT","CREAT evaluation","text","True","","1","","","0"
"CLSIG_CREATCD","CREAT evaluation - Code","integer","True","","1","","NCSCS","0"
"ORRES_CREATSI","CREAT SI result","text","False","","1","","","0"
"ORRESU_CREATSI","CREAT SI unit","text","False","","1","","","0"
"ORNRLO_CREATSI","CREAT SI lower limit","text","False","","1","","","0"
"ORNRHI_CREATSI","CREAT SI upper limit","text","False","","1","","","0"
"COVAL_CREAT","CREAT comments","text","False","","1","","","0"
"TEST_GGT","Gamma Glutamyl Transferase","text","True","","1","","","0"
"ORRES_GGT","GGT result","text","False","","1","","","0"
"ORRESU_GGT","GGT unit","text","False","","1","","","0"
"ORNRLO_GGT","GGT lower limit","text","False","","1","","","0"
"ORNRHI_GGT","GGT upper limit","text","False","","1","","","0"
"NRIND_GGT","Out of range - GGT","text","False","","1","","","0"
"NRIND_GGTCD","Out of range - GGT - Code","integer","False","","1","","YESNO","0"
"CLSIG_GGT","GGT evaluation","text","True","","1","","","0"
"CLSIG_GGTCD","GGT evaluation - Code","integer","True","","1","","NCSCS","0"
"ORRES_GGTSI","GGT SI result","text","False","","1","","","0"
"ORRESU_GGTSI","GGT SI unit","text","False","","1","","","0"
"ORNRLO_GGTSI","GGT SI lower limit","text","False","","1","","","0"
"ORNRHI_GGTSI","GGT SI upper limit","text","False","","1","","","0"
"COVAL_GGT","GGT comments","text","False","","1","","","0"
"TEST_UREAN","Urea Nitrogen","text","True","","1","","","0"
"ORRES_UREAN","UREAN result","text","False","","1","","","0"
"ORRESU_UREAN","UREAN unit","text","False","","1","","","0"
"ORNRLO_UREAN","UREAN lower limit","text","False","","1","","","0"
"ORNRHI_UREAN","UREAN upper limit","text","False","","1","","","0"
"NRIND_UREAN","Out of range - UREAN","text","False","","1","","","0"
"NRIND_UREANCD","Out of range - UREAN - Code","integer","False","","1","","YESNO","0"
"CLSIG_UREAN","UREAN evaluation","text","True","","1","","","0"
"CLSIG_UREANCD","UREAN evaluation - Code","integer","True","","1","","NCSCS","0"
"ORRES_UREANSI","UREAN SI result","text","False","","1","","","0"
"ORRESU_UREANSI","UREAN SI unit","text","False","","1","","","0"
"ORNRLO_UREANSI","UREAN SI lower limit","text","False","","1","","","0"
"ORNRHI_UREANSI","UREAN SI upper limit","text","False","","1","","","0"
"COVAL_UREAN","UREAN comments","text","False","","1","","","0"
"TEST_CA","Calcium","text","True","","1","","","0"
"ORRES_CA","CA result","text","False","","1","","","0"
"ORRESU_CA","CA unit","text","False","","1","","","0"
"ORNRLO_CA","CA lower limit","text","False","","1","","","0"
"ORNRHI_CA","CA upper limit","text","False","","1","","","0"
"NRIND_CA","Out of range - CA","text","False","","1","","","0"
"NRIND_CACD","Out of range - CA - Code","integer","False","","1","","YESNO","0"
"CLSIG_CA","CA evaluation","text","True","","1","","","0"
"CLSIG_CACD","CA evaluation - Code","integer","True","","1","","NCSCS","0"
"ORRES_CASI","CA SI result","text","False","","1","","","0"
"ORRESU_CASI","CA SI unit","text","False","","1","","","0"
"ORNRLO_CASI","CA SI lower limit","text","False","","1","","","0"
"ORNRHI_CASI","CA SI upper limit","text","False","","1","","","0"
"COVAL_CA","CA comments","text","False","","1","","","0"
"TEST_CL","Chloride","text","True","","1","","","0"
"ORRES_CL","CL result","text","False","","1","","","0"
"ORRESU_CL","CL unit","text","False","","1","","","0"
"ORNRLO_CL","CL lower limit","text","False","","1","","","0"
"ORNRHI_CL","CL upper limit","text","False","","1","","","0"
"NRIND_CL","Out of range - CL","text","False","","1","","","0"
"NRIND_CLCD","Out of range - CL - Code","integer","False","","1","","YESNO","0"
"CLSIG_CL","CL evaluation","text","True","","1","","","0"
"CLSIG_CLCD","CL evaluation - Code","integer","True","","1","","NCSCS","0"
"ORRES_CLSI","CL SI result","text","False","","1","","","0"
"ORRESU_CLSI","CL SI unit","text","False","","1","","","0"
"ORNRLO_CLSI","CL SI lower limit","text","False","","1","","","0"
"ORNRHI_CLSI","CL SI upper limit","text","False","","1","","","0"
"COVAL_CL","CL comments","text","False","","1","","","0"
"TEST_PHOS","Phosphate","text","True","","1","","","0"
"ORRES_PHOS","PHOS result","text","False","","1","","","0"
"ORRESU_PHOS","PHOS unit","text","False","","1","","","0"
"ORNRLO_PHOS","PHOS lower limit","text","False","","1","","","0"
"ORNRHI_PHOS","PHOS upper limit","text","False","","1","","","0"
"NRIND_PHOS","Out of range - PHOS","text","False","","1","","","0"
"NRIND_PHOSCD","Out of range - PHOS - Code","integer","False","","1","","YESNO","0"
"CLSIG_PHOS","PHOS evaluation","text","True","","1","","","0"
"CLSIG_PHOSCD","PHOS evaluation - Code","integer","True","","1","","NCSCS","0"
"ORRES_PHOSSI","PHOS SI result","text","False","","1","","","0"
"ORRESU_PHOSSI","PHOS SI unit","text","False","","1","","","0"
"ORNRLO_PHOSSI","PHOS SI lower limit","text","False","","1","","","0"
"ORNRHI_PHOSSI","PHOS SI upper limit","text","False","","1","","","0"
"COVAL_PHOS","PHOS comments","text","False","","1","","","0"
"TEST_K","Potassium","text","True","","1","","","0"
"ORRES_K","K result","text","False","","1","","","0"
"ORRESU_K","K unit","text","False","","1","","","0"
"ORNRLO_K","K lower limit","text","False","","1","","","0"
"ORNRHI_K","K upper limit","text","False","","1","","","0"
"NRIND_K","Out of range - K","text","False","","1","","","0"
"NRIND_KCD","Out of range - K - Code","integer","False","","1","","YESNO","0"
"CLSIG_K","K evaluation","text","True","","1","","","0"
"CLSIG_KCD","K evaluation - Code","integer","True","","1","","NCSCS","0"
"ORRES_KSI","K SI result","text","False","","1","","","0"
"ORRESU_KSI","K SI unit","text","False","","1","","","0"
"ORNRLO_KSI","K SI lower limit","text","False","","1","","","0"
"ORNRHI_KSI","K SI upper limit","text","False","","1","","","0"
"COVAL_K","K comments","text","False","","1","","","0"
"TEST_SODIUM","Sodium","text","True","","1","","","0"
"ORRES_SODIUM","SODIUM result","text","False","","1","","","0"
"ORRESU_SODIUM","SODIUM unit","text","False","","1","","","0"
"ORNRLO_SODIUM","SODIUM lower limit","text","False","","1","","","0"
"ORNRHI_SODIUM","SODIUM upper limit","text","False","","1","","","0"
"NRIND_SODIUM","Out of range - SODIUM","text","False","","1","","","0"
"NRIND_SODIUMCD","Out of range - SODIUM - Code","integer","False","","1","","YESNO","0"
"CLSIG_SODIUM","SODIUM evaluation","text","True","","1","","","0"
"CLSIG_SODIUMCD","SODIUM evaluation - Code","integer","True","","1","","NCSCS","0"
"ORRES_SODIUMSI","SODIUM SI result","text","False","","1","","","0"
"ORRESU_SODIUMSI","SODIUM SI unit","text","False","","1","","","0"
"ORNRLO_SODIUMSI","SODIUM SI lower limit","text","False","","1","","","0"
"ORNRHI_SODIUMSI","SODIUM SI upper limit","text","False","","1","","","0"
"COVAL_SODIUM","SODIUM comments","text","False","","1","","","0"
"TEST_GLUC","Glucose","text","True","","1","","","0"
"ORRES_GLUC","GLUC result","text","False","","1","","","0"
"ORRESU_GLUC","GLUC unit","text","False","","1","","","0"
"ORNRLO_GLUC","GLUC lower limit","text","False","","1","","","0"
"ORNRHI_GLUC","GLUC upper limit","text","False","","1","","","0"
"NRIND_GLUC","Out of range - GLUC","text","False","","1","","","0"
"NRIND_GLUCCD","Out of range - GLUC - Code","integer","False","","1","","YESNO","0"
"CLSIG_GLUC","GLUC evaluation","text","True","","1","","","0"
"CLSIG_GLUCCD","GLUC evaluation - Code","integer","True","","1","","NCSCS","0"
"ORRES_GLUCSI","GLUC SI result","text","False","","1","","","0"
"ORRESU_GLUCSI","GLUC SI unit","text","False","","1","","","0"
"ORNRLO_GLUCSI","GLUC SI lower limit","text","False","","1","","","0"
"ORNRHI_GLUCSI","GLUC SI upper limit","text","False","","1","","","0"
"COVAL_GLUC","GLUC comments","text","False","","1","","","0"
"TEST_PROT","Protein","text","True","","1","","","0"
"ORRES_PROT","PROT result","text","False","","1","","","0"
"ORRESU_PROT","PROT unit","text","False","","1","","","0"
"ORNRLO_PROT","PROT lower limit","text","False","","1","","","0"
"ORNRHI_PROT","PROT upper limit","text","False","","1","","","0"
"NRIND_PROT","Out of range - PROT","text","False","","1","","","0"
"NRIND_PROTCD","Out of range - PROT - Code","integer","False","","1","","YESNO","0"
"CLSIG_PROT","PROT evaluation","text","True","","1","","","0"
"CLSIG_PROTCD","PROT evaluation - Code","integer","True","","1","","NCSCS","0"
"ORRES_PROTSI","PROT SI result","text","False","","1","","","0"
"ORRESU_PROTSI","PROT SI unit","text","False","","1","","","0"
"ORNRLO_PROTSI","PROT SI lower limit","text","False","","1","","","0"
"ORNRHI_PROTSI","PROT SI upper limit","text","False","","1","","","0"
"COVAL_PROT","PROT comments","text","False","","1","","","0"
"TEST_TSH","Thyrotropin","text","True","","1","","","0"
"ORRES_TSH","TSH result","text","False","","1","","","0"
"ORRESU_TSH","TSH unit","text","False","","1","","","0"
"ORNRLO_TSH","TSH lower limit","text","False","","1","","","0"
"ORNRHI_TSH","TSH upper limit","text","False","","1","","","0"
"NRIND_TSH","Out of range - TSH","text","False","","1","","","0"
"NRIND_TSHCD","Out of range - TSH - Code","integer","False","","1","","YESNO","0"
"CLSIG_TSH","TSH evaluation","text","True","","1","","","0"
"CLSIG_TSHCD","TSH evaluation - Code","integer","True","","1","","NCSCS","0"
"ORRES_TSHSI","TSH SI result","text","False","","1","","","0"
"ORRESU_TSHSI","TSH SI unit","text","False","","1","","","0"
"ORNRLO_TSHSI","TSH SI lower limit","text","False","","1","","","0"
"ORNRHI_TSHSI","TSH SI upper limit","text","False","","1","","","0"
"COVAL_TSH","TSH comments","text","False","","1","","","0"
"TEST_T3FR","Triiodothyronine, Free","text","True","","1","","","0"
"ORRES_T3FR","T3FR result","text","False","","1","","","0"
"ORRESU_T3FR","T3FR unit","text","False","","1","","","0"
"ORNRLO_T3FR","T3FR lower limit","text","False","","1","","","0"
"ORNRHI_T3FR","T3FR upper limit","text","False","","1","","","0"
"NRIND_T3FR","Out of range - T3FR","text","False","","1","","","0"
"NRIND_T3FRCD","Out of range - T3FR - Code","integer","False","","1","","YESNO","0"
"CLSIG_T3FR","T3FR evaluation","text","True","","1","","","0"
"CLSIG_T3FRCD","T3FR evaluation - Code","integer","True","","1","","NCSCS","0"
"ORRES_T3FRSI","T3FR SI result","text","False","","1","","","0"
"ORRESU_T3FRSI","T3FR SI unit","text","False","","1","","","0"
"ORNRLO_T3FRSI","T3FR SI lower limit","text","False","","1","","","0"
"ORNRHI_T3FRSI","T3FR SI upper limit","text","False","","1","","","0"
"COVAL_T3FR","T3FR comments","text","False","","1","","","0"
"TEST_T3","Triiodothyronine","text","True","","1","","","0"
"ORRES_T3","T3 result","text","False","","1","","","0"
"ORRESU_T3","T3 unit","text","False","","1","","","0"
"ORNRLO_T3","T3 lower limit","text","False","","1","","","0"
"ORNRHI_T3","T3 upper limit","text","False","","1","","","0"
"NRIND_T3","Out of range - T3","text","False","","1","","","0"
"NRIND_T3CD","Out of range - T3 - Code","integer","False","","1","","YESNO","0"
"CLSIG_T3","T3 evaluation","text","True","","1","","","0"
"CLSIG_T3CD","T3 evaluation - Code","integer","True","","1","","NCSCS","0"
"ORRES_T3SI","T3 SI result","text","False","","1","","","0"
"ORRESU_T3SI","T3 SI unit","text","False","","1","","","0"
"ORNRLO_T3SI","T3 SI lower limit","text","False","","1","","","0"
"ORNRHI_T3SI","T3 SI upper limit","text","False","","1","","","0"
"COVAL_T3","T3 comments","text","False","","1","","","0"
"TEST_T4FR","Thyroxine, Free","text","True","","1","","","0"
"ORRES_T4FR","T4FR result","text","False","","1","","","0"
"ORRESU_T4FR","T4FR unit","text","False","","1","","","0"
"ORNRLO_T4FR","T4FR lower limit","text","False","","1","","","0"
"ORNRHI_T4FR","T4FR upper limit","text","False","","1","","","0"
"NRIND_T4FR","Out of range - T4FR","text","False","","1","","","0"
"NRIND_T4FRCD","Out of range - T4FR - Code","integer","False","","1","","YESNO","0"
"CLSIG_T4FR","T4FR evaluation","text","True","","1","","","0"
"CLSIG_T4FRCD","T4FR evaluation - Code","integer","True","","1","","NCSCS","0"
"ORRES_T4FRSI","T4FR SI result","text","False","","1","","","0"
"ORRESU_T4FRSI","T4FR SI unit","text","False","","1","","","0"
"ORNRLO_T4FRSI","T4FR SI lower limit","text","False","","1","","","0"
"ORNRHI_T4FRSI","T4FR SI upper limit","text","False","","1","","","0"
"COVAL_T4FR","T4FR comments","text","False","","1","","","0"
"TEST_T4","Thyroxine","text","True","","1","","","0"
"ORRES_T4","T4 result","text","False","","1","","","0"
"ORRESU_T4","T4 unit","text","False","","1","","","0"
"ORNRLO_T4","T4 lower limit","text","False","","1","","","0"
"ORNRHI_T4","T4 upper limit","text","False","","1","","","0"
"NRIND_T4","Out of range - T4","text","False","","1","","","0"
"NRIND_T4CD","Out of range - T4 - Code","integer","False","","1","","YESNO","0"
"CLSIG_T4","T4 evaluation","text","True","","1","","","0"
"CLSIG_T4CD","T4 evaluation - Code","integer","True","","1","","NCSCS","0"
"ORRES_T4SI","T4 SI result","text","False","","1","","","0"
"ORRESU_T4SI","T4 SI unit","text","False","","1","","","0"
"ORNRLO_T4SI","T4 SI lower limit","text","False","","1","","","0"
"ORNRHI_T4SI","T4 SI upper limit","text","False","","1","","","0"
"COVAL_T4","T4 comments","text","False","","1","","","0"
"PREG_LBPERF","Was the pregnancy test done?","text","True","","1","","","0"
"PREG_LBPERFCD","Was the pregnancy test done? - Code","integer","True","","1","","YESNO","0"
"PREG_LBDAT","Date of pregnancy test","date","True","","1","","","0"
"PREG_LBORRES","Result","text","True","","1","","","0"
"PREG_LBORRESCD","Result - Code","integer","True","","1","","NEGPOS","0"
"PREG_LBREASND","Reason not done","text","True","","1","","","0"
"IECHNGYN","Has there been any change(s) to the subject's eligibility status since last visit?","text","True","","1","","","0"
"IECHNGYNCD","Has there been any change(s) to the subject's eligibility status since last visit? - Code","integer","True","","1","","YESNO","0"
"IEINYN","Were all inclusion criteria fulfilled?","text","True","","1","","","3"
"IEINYNCD","Were all inclusion criteria fulfilled? - Code","integer","True","","1","","YESNO","1"
"IEINTESTCD1","Specify the inclusion criteria not met 1","text","True","","1","","","0"
"IEINTESTCD1CD","Specify the inclusion criteria not met 1 - Code","integer","True","","1","","INCL","0"
"IEINTESTCD2","Specify the inclusion criteria not met 2","text","True","","1","","","0"
"IEINTESTCD2CD","Specify the inclusion criteria not met 2 - Code","integer","True","","1","","INCL","0"
"IEINTESTCD3","Specify the inclusion criteria not met 3","text","True","","1","","","0"
"IEINTESTCD3CD","Specify the inclusion criteria not met 3 - Code","integer","True","","1","","INCL","0"
"IEINTESTCD4","Specify the inclusion criteria not met 4","text","True","","1","","","0"
"IEINTESTCD4CD","Specify the inclusion criteria not met 4 - Code","integer","True","","1","","INCL","0"
"IEINTESTCD5","Specify the inclusion criteria not met 5","text","True","","1","","","0"
"IEINTESTCD5CD","Specify the inclusion criteria not met 5 - Code","integer","True","","1","","INCL","0"
"IEEXYN","Were any exclusion criteria fulfilled?","text","True","","1","","","2"
"IEEXYNCD","Were any exclusion criteria fulfilled? - Code","integer","True","","1","","YESNO","1"
"IEEXTESTCD1","Specify the exclusion criteria met 1","text","True","","1","","","0"
"IEEXTESTCD1CD","Specify the exclusion criteria met 1 - Code","integer","True","","1","","EXCL","0"
"IEEXTESTCD2","Specify the exclusion criteria met 2","text","True","","1","","","0"
"IEEXTESTCD2CD","Specify the exclusion criteria met 2 - Code","integer","True","","1","","EXCL","0"
"IEEXTESTCD3","Specify the exclusion criteria met 3","text","True","","1","","","0"
"IEEXTESTCD3CD","Specify the exclusion criteria met 3 - Code","integer","True","","1","","EXCL","0"
"IEEXTESTCD4","Specify the exclusion criteria met 4","text","True","","1","","","0"
"IEEXTESTCD4CD","Specify the exclusion criteria met 4 - Code","integer","True","","1","","EXCL","0"
"IEEXTESTCD5","Specify the exclusion criteria met 5","text","True","","1","","","0"
"IEEXTESTCD5CD","Specify the exclusion criteria met 5 - Code","integer","True","","1","","EXCL","0"
"IEEXTESTCD6","Specify the exclusion criteria met 6","text","True","","1","","","0"
"IEEXTESTCD6CD","Specify the exclusion criteria met 6 - Code","integer","True","","1","","EXCL","0"
"IEEXTESTCD7","Specify the exclusion criteria met 7","text","True","","1","","","0"
"IEEXTESTCD7CD","Specify the exclusion criteria met 7 - Code","integer","True","","1","","EXCL","0"
"IEEXTESTCD8","Specify the exclusion criteria met 8","text","True","","1","","","0"
"IEEXTESTCD8CD","Specify the exclusion criteria met 8 - Code","integer","True","","1","","EXCL","0"
"IEEXTESTCD9","Specify the exclusion criteria met 9","text","True","","1","","","0"
"IEEXTESTCD9CD","Specify the exclusion criteria met 9 - Code","integer","True","","1","","EXCL","0"
"IEEXTESTCD10","Specify the exclusion criteria met 10","text","True","","1","","","0"
"IEEXTESTCD10CD","Specify the exclusion criteria met 10 - Code","integer","True","","1","","EXCL","0"
"IEEXTESTCD11","Specify the exclusion criteria met 11","text","True","","1","","","0"
"IEEXTESTCD11CD","Specify the exclusion criteria met 11 - Code","integer","True","","1","","EXCL","0"
"IEEXTESTCD12","Specify the exclusion criteria met 12","text","True","","1","","","0"
"IEEXTESTCD12CD","Specify the exclusion criteria met 12 - Code","integer","True","","1","","EXCL","0"
"IEYN","I/E criterion original result","text","False","","1","","","3"
"IEYNCD","I/E criterion original result - Code","integer","False","","1","","YESNO","1"
"DSCONT","Subject continuing to the next visit","text","True","","1","","","3"
"DSCONTCD","Subject continuing to the next visit - Code","integer","True","","1","","YESNO","1"
"DSCOMP","Study completion status","text","True","","1","","","0"
"DSCOMPCD","Study completion status - Code","integer","True","","1","","YESNO","0"
"DSSTDAT","Start date of disposition event","date","True","","1","","","0"
"DSDECOD","Primary reason for discontinuation","text","True","","1","","","0"
"DSDECODCD","Primary reason for discontinuation - Code","integer","True","","1","","NCOMPLT","0"
"DTHDAT","Date of death","date","True","","1","","","0"
"DSTERM2","Other reason for discontinuation","text","True","","1","","","0"
"SUBJ_DSYN","Reason provided by the subject","text","True","","1","","","0"
"SUBJ_DSYNCD","Reason provided by the subject - Code","integer","True","","1","","YESNO","0"
"DSTERM1","Please specify details","text","True","","1","","","0"
"DSINDCAE1","Please specify Adverse Event 1","text","True","","1","","","0"
"DSINDCAE1ID","Please specify Adverse Event 1 - Identifier","text","True","","1","","","0"
"DSCOVAL","Comments (Optional)","text","False","","1","","","0"
"GAD01_QSORRES","GAD01 Result/Finding in Original Units","text","True","","1","","","12"
"GAD01_QSORRESCD","GAD01 Result/Finding in Original Units - Code","integer","True","","1","","GRADE","1"
"GAD02_QSORRES","GAD02 Result/Finding in Original Units","text","True","","1","","","12"
"GAD02_QSORRESCD","GAD02 Result/Finding in Original Units - Code","integer","True","","1","","GRADE","1"
"GAD03_QSORRES","GAD03 Result/Finding in Original Units","text","True","","1","","","23"
"GAD03_QSORRESCD","GAD03 Result/Finding in Original Units - Code","integer","True","","1","","GRADE","1"
"GAD04_QSORRES","GAD04 Result/Finding in Original Units","text","True","","1","","","12"
"GAD04_QSORRESCD","GAD04 Result/Finding in Original Units - Code","integer","True","","1","","GRADE","1"
"GAD05_QSORRES","GAD05 Result/Finding in Original Units","text","True","","1","","","12"
"GAD05_QSORRESCD","GAD05 Result/Finding in Original Units - Code","integer","True","","1","","GRADE","1"
"GAD06_QSORRES","GAD06 Result/Finding in Original Units","text","True","","1","","","23"
"GAD06_QSORRESCD","GAD06 Result/Finding in Original Units - Code","integer","True","","1","","GRADE","1"
"GAD07_QSORRES","GAD07 Result/Finding in Original Units","text","True","","1","","","23"
"GAD07_QSORRESCD","GAD07 Result/Finding in Original Units - Code","integer","True","","1","","GRADE","1"
"PHQ01_QSORRES","PHQ01 Result/Finding in Original Units","text","True","","1","","","12"
"PHQ01_QSORRESCD","PHQ01 Result/Finding in Original Units - Code","integer","True","","1","","GRADE","1"
"PHQ02_QSORRES","PHQ02 Result/Finding in Original Units","text","True","","1","","","12"
"PHQ02_QSORRESCD","PHQ02 Result/Finding in Original Units - Code","integer","True","","1","","GRADE","1"
"PHQ03_QSORRES","PHQ03 Result/Finding in Original Units","text","True","","1","","","23"
"PHQ03_QSORRESCD","PHQ03 Result/Finding in Original Units - Code","integer","True","","1","","GRADE","1"
"PHQ04_QSORRES","PHQ04 Result/Finding in Original Units","text","True","","1","","","23"
"PHQ04_QSORRESCD","PHQ04 Result/Finding in Original Units - Code","integer","True","","1","","GRADE","1"
"PHQ05_QSORRES","PHQ05 Result/Finding in Original Units","text","True","","1","","","23"
"PHQ05_QSORRESCD","PHQ05 Result/Finding in Original Units - Code","integer","True","","1","","GRADE","1"
"PHQ06_QSORRES","PHQ06 Result/Finding in Original Units","text","True","","1","","","12"
"PHQ06_QSORRESCD","PHQ06 Result/Finding in Original Units - Code","integer","True","","1","","GRADE","1"
"PHQ07_QSORRES","PHQ07 Result/Finding in Original Units","text","True","","1","","","23"
"PHQ07_QSORRESCD","PHQ07 Result/Finding in Original Units - Code","integer","True","","1","","GRADE","1"
"PHQ08_QSORRES","PHQ08 Result/Finding in Original Units","text","True","","1","","","16"
"PHQ08_QSORRESCD","PHQ08 Result/Finding in Original Units - Code","integer","True","","1","","GRADE","1"
"PHQ09_QSORRES","PHQ09 Result/Finding in Original Units","text","True","","1","","","23"
"PHQ09_QSORRESCD","PHQ09 Result/Finding in Original Units - Code","integer","True","","1","","GRADE","1"
"PHQ10_QSORRES","PHQ10 Result/Finding in Original Units","text","True","","1","","","18"
"PHQ10_QSORRESCD","PHQ10 Result/Finding in Original Units - Code","integer","True","","1","","QSDIFF","1"
"RANDDAT","Date of randomization","date","True","","1","","","0"
"RANDTIM","Time of randomization","time","True","","1","","","0"
"RANDSEX","Sex","text","False","","1","","","0"
"RANDSEXCD","Sex - Code","integer","False","","1","","SEX","0"
"RANDID","Randomization number","text","True","","1","","","0"
"ARMCD","Treatment group","text","True","","1","","","0"
"ARMCDCD","Treatment group - Code","integer","True","","1","","GROUP","0"
"KITNO","Kit number","text","False","","1","","","0"
"KITEXPDAT","Expiry date","date","False","","1","","","0"
"KITBATCHNO","Batch number","text","False","","1","","","0"
"KITTABNO","Number of tablets","double","False","0","1","","","0"
"PCPERF","Pharmacokinetics sample collected?","text","True","","1","","","0"
"PCPERFCD","Pharmacokinetics sample collected? - Code","integer","True","","1","","YESNO","0"
"PCDAT","Date of sample collection","date","True","","1","","","0"
"PCTIM","Time of sample collection","time","True","","1","","","0"
"PCREASND","Reason not collected","text","True","","1","","","0"
"VIDEOPERF","Was the video recorded?","text","True","","1","","","0"
"VIDEOPERFCD","Was the video recorded? - Code","integer","True","","1","","YESNO","0"
"VIDEOREASND","Reason not recorded","text","True","","1","","","0"
"VIDEODAT","Date recorded","date","True","","1","","","0"
"ORRES_VIDEO","Video upload","base64Binary","True","","","","","0"
"ORRES_VIDEO_FilePath","Video upload (File path)","text","True","","","","","0"
"ORRES_VIDEO_FileSize","Video upload (File size)","integer","True","","","","","0"
"ORRES_VIDEO_FileHash","Video upload (MD5 hash)","text","True","","","","","0"
"R1YN","Has the video been analysed?","text","True","","1","","","0"
"R1YNCD","Has the video been analysed? - Code","integer","True","","1","","YESNO","0"
"QAC1YN","Is the quality of video acceptable?","text","True","","1","","","0"
"QAC1YNCD","Is the quality of video acceptable? - Code","integer","True","","1","","YESNO","0"
"QAC1REAS","Please provide reason","text","True","","1","","","0"
"SCORE1","Assessment score","double","True","0","1","","","0"
"R2YN","Has the video been analysed?","text","True","","1","","","0"
"R2YNCD","Has the video been analysed? - Code","integer","True","","1","","YESNO","0"
"QAC2YN","Is the quality of video acceptable?","text","True","","1","","","0"
"QAC2YNCD","Is the quality of video acceptable? - Code","integer","True","","1","","YESNO","0"
"QAC2REAS","Please provide reason","text","True","","1","","","0"
"SCORE2","Assessment score","double","True","0","1","","","0"
"RETAMT_DAPERF","Was the study medication returned?","text","True","","1","","","0"
"RETAMT_DAPERFCD","Was the study medication returned? - Code","integer","True","","1","","YESNO","0"
"RETAMT_DAREASND","Reason not returned","text","True","","1","","","0"
"RETAMT_DADAT","Returned date","date","True","","1","","","0"
"RETAMT_DAREFID","Kit number","text","True","","3","5","","0"
"RETAMT_DAORRES","Number of tablets","double","True","0","1","","","0"
"CTB2","Hidden field","text","True","","1","","","14"
"CTB2CD","Hidden field - Code","integer","True","","1","","CL_CTB2F","1"
"CTB11","RA reservoir strain 1","text","False","","1","","","13"
"CTB11CD","RA reservoir strain 1 - Code","integer","False","","1","","CL_CTB1F","1"
"CTB1_Copy11","RA reservoir strain % 1","text","False","","1","","","0"
"CTB1_Copy11CD","RA reservoir strain % 1 - Code","integer","False","","1","","CL_CTB1_Copy1F","0"
"MHSPID","Sequence number","text","True","","1","","","1"
"MHTERM","Description of condition / event / surgery","text","True","","1","","","9"
"MHSTDAT","Start date","date","True","","1","","","0"
"MHONGO","Ongoing?","text","True","","1","","","0"
"MHONGOCD","Ongoing? - Code","integer","True","","1","","YESNO","0"
"MHENDAT","End date","date","True","","1","","","0"
"AESPID","Sequence number","text","True","","1","","","0"
"AETERM","Description","text","True","","1","","","0"
"AESTDAT","Start date","date","True","","1","","","0"
"AEONGO","Ongoing?","text","True","","1","","","0"
"AEONGOCD","Ongoing? - Code","integer","True","","1","","YESNO","0"
"AEENDAT","End date","date","True","","1","","","0"
"AEREL","Relationship to the study treatment","text","True","","1","","","0"
"AERELCD","Relationship to the study treatment - Code","integer","True","","1","","CAUSAL","0"
"AEACN","Action taken with study treatment","text","True","","1","","","0"
"AEACNCD","Action taken with study treatment - Code","integer","True","","1","","ACN","0"
"AESEV","Severity","text","True","","1","","","0"
"AESEVCD","Severity - Code","integer","True","","1","","AESEV","0"
"AESER","Serious?","text","True","","1","","","0"
"AESERCD","Serious? - Code","integer","True","","1","","YESNO","0"
"AEOUT","Outcome","text","True","","1","","","0"
"AEOUTCD","Outcome - Code","integer","True","","1","","OUT","0"
"AESERCAT1","Seriousness criteria 1","text","True","","1","","","0"
"AESERCAT1CD","Seriousness criteria 1 - Code","integer","True","","1","","SERIOUS","0"
"AESERCAT2","Seriousness criteria 2","text","True","","1","","","0"
"AESERCAT2CD","Seriousness criteria 2 - Code","integer","True","","1","","SERIOUS","0"
"AESERCAT3","Seriousness criteria 3","text","True","","1","","","0"
"AESERCAT3CD","Seriousness criteria 3 - Code","integer","True","","1","","SERIOUS","0"
"AESERCAT4","Seriousness criteria 4","text","True","","1","","","0"
"AESERCAT4CD","Seriousness criteria 4 - Code","integer","True","","1","","SERIOUS","0"
"AESERCAT5","Seriousness criteria 5","text","True","","1","","","0"
"AESERCAT5CD","Seriousness criteria 5 - Code","integer","True","","1","","SERIOUS","0"
"AESERCAT6","Seriousness criteria 6","text","True","","1","","","0"
"AESERCAT6CD","Seriousness criteria 6 - Code","integer","True","","1","","SERIOUS","0"
"AEDTHDAT","Date of death","date","True","","1","","","0"
"AECONTRT","Concomitant or additional trtmnt given","text","True","","1","","","0"
"AECONTRTCD","Concomitant or additional trtmnt given - Code","integer","True","","1","","YESNO","0"
"AECOVAL","Comments (Optional)","text","False","","1","","","0"
"CMSPID","Sequence number","text","True","","1","","","0"
"CMTRT","Name of drug / medication / therapy","text","True","","1","","","0"
"CMINDC","Reason for administration","text","True","","1","","","0"
"CMINDCCD","Reason for administration - Code","integer","True","","1","","REASON","0"
"CMINDCOTH","Reason for administration, specify","text","True","","1","","","0"
"CMINDCMH1","Specify Medical History 1","text","True","","1","","","0"
"CMINDCMH1ID","Specify Medical History 1 - Identifier","text","True","","1","","","0"
"CMINDCAE1","Specify Adverse Event(s) 1","text","True","","1","","","0"
"CMINDCAE1ID","Specify Adverse Event(s) 1 - Identifier","text","True","","1","","","0"
"CMDSTXT","Dose","text","True","","1","","","0"
"CMDOSU","Unit","text","True","","1","","","0"
"CMDOSUCD","Unit - Code","integer","True","","1","","UNIT","0"
"CMDOSUOTH","Unit, specify","text","True","","1","","","0"
"CMDOSFRM","Dose form","text","True","","1","","","0"
"CMDOSFRMCD","Dose form - Code","integer","True","","1","","FRM","0"
"CMDOSFRMOTH","Dose form, specify","text","True","","1","","","0"
"CMDOSFRQ","Frequency","text","True","","1","","","0"
"CMDOSFRQCD","Frequency - Code","integer","True","","1","","FREQ","0"
"CMDOSFRQOTH","Frequency, specify","text","True","","1","","","0"
"CMROUTE","Route","text","True","","1","","","0"
"CMROUTECD","Route - Code","integer","True","","1","","ROUTE","0"
"CMROUTEOTH","Route, specify","text","True","","1","","","0"
"CMSTDAT","Start date","date","True","","1","","","0"
"CMONGO","Ongoing?","text","True","","1","","","0"
"CMONGOCD","Ongoing? - Code","integer","True","","1","","YESNO","0"
"CMENDAT","End date","date","True","","1","","","0"
"PREGRSPID","Sequence number","text","True","","1","","","0"
"REPDAT","Date of report","date","True","","1","","","0"
"RHYN","Rh","text","True","","1","","","0"
"RHYNCD","Rh - Code","integer","True","","1","","NEGPOS","0"
"DB_MHOCCUR","Diabetes","text","True","","1","","","0"
"DB_MHOCCURCD","Diabetes - Code","integer","True","","1","","NYNK","0"
"HD_MHOCCUR","Heart disease","text","True","","1","","","0"
"HD_MHOCCURCD","Heart disease - Code","integer","True","","1","","NYNK","0"
"SD_MHOCCUR","Seizure disease","text","True","","1","","","0"
"SD_MHOCCURCD","Seizure disease - Code","integer","True","","1","","NYNK","0"
"ID_MHOCCUR","Inheritable diseases","text","True","","1","","","0"
"ID_MHOCCURCD","Inheritable diseases - Code","integer","True","","1","","NYNK","0"
"IDSPY","Inheritable diseases specify","text","True","","1","","","0"
"HIV_MHOCCUR","HIV","text","True","","1","","","0"
"HIV_MHOCCURCD","HIV - Code","integer","True","","1","","NYNK","0"
"HT_MHOCCUR","Hypertension","text","True","","1","","","0"
"HT_MHOCCURCD","Hypertension - Code","integer","True","","1","","NYNK","0"
"THYD_MHOCCUR","Thyroid disease","text","True","","1","","","0"
"THYD_MHOCCURCD","Thyroid disease - Code","integer","True","","1","","NYNK","0"
"OTHDYN","Other factors?","text","True","","1","","","0"
"OTHDYNCD","Other factors? - Code","integer","True","","1","","YESNO","0"
"OTHDSPY","Other factors specify","text","True","","1","","","0"
"VACCYN","Any previous immunizations?","text","True","","1","","","0"
"VACCYNCD","Any previous immunizations? - Code","integer","True","","1","","YESNO","0"
"VACCSPY","Previous immunizations specify","text","True","","1","","","0"
"TOXO_MHOCCUR","Toxoplasmosis","text","True","","1","","","0"
"TOXO_MHOCCURCD","Toxoplasmosis - Code","integer","True","","1","","NYNK","0"
"RUB_MHOCCUR","Rubella","text","True","","1","","","0"
"RUB_MHOCCURCD","Rubella - Code","integer","True","","1","","NYNK","0"
"PREGNNYN","Any previous pregnancies","text","True","","1","","","0"
"PREGNNYNCD","Any previous pregnancies - Code","integer","True","","1","","YESNO","0"
"PREGNN_ORRES","Number of previous pregnancies","double","True","0","1","","","0"
"BRTHLVN_ORRES","Number of live children","double","True","0","1","","","0"
"BRTHDD_ORRES","Number of previous abortions","double","True","0","1","","","0"
"MCREGYN","Menstrual cycle regular","text","True","","1","","","0"
"MCREGYNCD","Menstrual cycle regular - Code","integer","True","","1","","NYNK","0"
"CONTRAYN","Contraception","text","True","","1","","","0"
"CONTRAYNCD","Contraception - Code","integer","True","","1","","NYNK","0"
"CONTRASPY","Contraception specify","text","True","","1","","","0"
"FR_CMOCCUR","Fertility therapy","text","True","","1","","","0"
"FR_CMOCCURCD","Fertility therapy - Code","integer","True","","1","","NYNK","0"
"FRSPY","Fertility therapy specify","text","True","","1","","","0"
"SMOKESTAT","Smoking","text","True","","1","","","0"
"SMOKESTATCD","Smoking - Code","integer","True","","1","","NYNK","0"
"SMOKESPY","Smoking - amount and if during pregnancy","text","True","","1","","","0"
"ALCSTAT","Alcohol use","text","True","","1","","","0"
"ALCSTATCD","Alcohol use - Code","integer","True","","1","","NYNK","0"
"ALCSPY","Alcohol - amount and if during pregnancy","text","True","","1","","","0"
"PRGRMHYN","Current / past medical history","text","True","","1","","","0"
"PRGRMHYNCD","Current / past medical history - Code","integer","True","","1","","YESNO","0"
"PRGRMHNO","MH sequence number","text","True","","1","","","0"
"PRGRCMYN","Medication during the pregnancy","text","True","","1","","","0"
"PRGRCMYNCD","Medication during the pregnancy - Code","integer","True","","1","","YESNO","0"
"PRGRCMNO","CM sequence number","text","True","","1","","","0"
"MHISTDESC","Relevant father / family medical history","text","False","","1","","","0"
"LMPSTDTC","First day of last menstrual period","date","True","","1","","","0"
"EDLVRDTC","Expected delivery date","date","True","","1","","","0"
"PREGWEEKS","Current week of pregnancy (weeks)","double","True","0","1","","","0"
"MULPREGYN","Multiple pregnancy","text","True","","1","","","0"
"MULPREGYNCD","Multiple pregnancy - Code","integer","True","","1","","YESNO","0"
"DLVDAT","Date of delivery / abortion","date","True","","1","","","0"
"GESWEEKS","Gestational week","double","True","0","1","","","0"
"PREGOUT","Outcome","text","True","","1","","","0"
"PREGOUTCD","Outcome - Code","integer","True","","1","","PREGOUT","0"
"SAEYN_N","Serious adverse reaction in neonate?","text","True","","1","","","0"
"SAEYN_NCD","Serious adverse reaction in neonate? - Code","integer","True","","1","","YESNO","0"
"CABNYN","Congenital anomaly?","text","True","","1","","","0"
"CABNYNCD","Congenital anomaly? - Code","integer","True","","1","","YESNO","0"
"SEX_CHLD","Gender","text","True","","1","","","0"
"SEX_CHLDCD","Gender - Code","integer","True","","1","","SEX","0"
"WEIGHT_CHLD","Weight at delivery (g)","double","True","2","1","","","0"
"LENGTH_CHLD","Length at delivery (cm)","double","True","2","1","","","0"
"APG_1M","1 min","double","True","0","1","","","0"
"APG_5M","5 min","double","True","0","1","","","0"
"APG_10M","10 min","double","True","0","1","","","0"
"NRMDLVYN","Normal delivery?","text","True","","1","","","0"
"NRMDLVYNCD","Normal delivery? - Code","integer","True","","1","","YESNO","0"
"DELSPY","Not normal delivery specify","text","True","","1","","","0"
"LBDETAILS","Relevant clinical / laboratory tests results","text","False","","1","","","0"
"FU_6W","6 weeks","text","True","","1","","","0"
"FU_6M","6 months","text","True","","1","","","0"
"FU_1Y","1 year","text","True","","1","","","0"
